<nodeDefs>
    <nodeDef id="controller" nls="ctl">
        <editors />
        <sts>
            <st id="ST" editor="bool" />
        </sts>
        <cmds>
            <sends />
            <accepts>
            </accepts>
        </cmds>
    </nodeDef>
    <nodeDef id="MILIGHT_LIGHT" nls="MGR">
        <editors />
        <sts>
            <st id="ST" editor="MONOFF" />
            <st id="GV5" editor="MCTEMP" />
            <st id="GV1" editor="MCOLOR" />  <!-- Color -->
            <st id="GV2" editor="MCLSAT" /> <!-- Saturation -->
            <st id="GV3" editor="MCLBRI" /> <!-- Brightness -->
            <st id="GV4" editor="MEFFECT" />
        </sts>
        <cmds>
            <sends />
            <accepts>
                <cmd id="DON" />
                <cmd id="DOF" />
                <cmd id="WHITE_MODE"/>
                <cmd id="NIGHT_MODE"/>
                <cmd id="SET_COLOR_ID">
                    <p id="" editor="MCOLOR" />
                </cmd>
                 <cmd id="SET_COLOR">
                    <p id="" editor="MCOLORPICK" />
                </cmd>
                <cmd id="SET_SAT">
                    <p id="" editor="MCLSAT" init="GV2"/>
                </cmd>
                <cmd id="SET_BRI">
                    <p id="" editor="MCLBRI" init="GV3" />
                </cmd>
                <cmd id="CLITEMP">
                    <p id="" editor="MCTEMP" />
                </cmd>
                <cmd id="SET_EFFECT">
                    <p id="" editor="MEFFECT" init="GV4" />
                </cmd>
            </accepts>
        </cmds>
    </nodeDef>
        <nodeDef id="MILIGHT_BRIDGE" nls="MGR">
        <editors />
        <sts>
            <st id="ST" editor="MONOFF" />
            <st id="GV1" editor="MCOLOR" />  <!-- Color -->
            <st id="GV3" editor="MCLBRI" /> <!-- Brightness -->
            <st id="GV4" editor="MEFFECT" />
        </sts>
        <cmds>
            <sends />
            <accepts>
                <cmd id="DON" />
                <cmd id="DOF" />
                <cmd id="WHITE_MODE"/>
                <cmd id="SET_COLOR">
                    <p id="" editor="MCOLORPICK" />
                </cmd>
                <cmd id="SET_COLOR">
                    <p id="" editor="MCOLOR" />
                </cmd>
                <cmd id="SET_BRI">
                    <p id="" editor="MCLBRI" init="GV3" />
                </cmd>
                <cmd id="SET_EFFECT">
                    <p id="" editor="MEFFECT" init="GV4" />
                </cmd>
            </accepts>
        </cmds>
    </nodeDef>
</nodeDefs>
